RUN,SECS,ZS_SERIALIZATION,ZS_CPU_MHZ,ZS_SEED,ZS_RAND_DATA,ZS_DATA_BLOCKS,ZS_TEST_NTHREADS,ZS_TEST_OBJSIZE,ZS_TEST_NOBJS,ZS_TEST_WRITE_PERCENT,ZS_TEST_ITERATIONS,ZS_DUMP_ITERS,WRITE_AMP,K_CLIENT_RATE,K_READ_RATE,K_WRITE_RATE,K_UPDATE_RATE,K_DELETE_RATE,STRIPE_TBL_RATE,CPU_UTIL_TOT,CPU_UTIL_USR,CPU_UTIL_SYS,CPU_UTIL_IOWAIT,CPU_USECS_TOT_PER_OP,CPU_USECS_USR_PER_OP,CPU_USECS_SYS_PER_OP,CPU_USECS_IOWAIT_PER_OP,CPU_USECS_TOT_PER_CLIENT_OP,CPU_USECS_USR_PER_CLIENT_OP,CPU_USECS_SYS_PER_CLIENT_OP,CPU_USECS_IOWAIT_PER_CLIENT_OP,N_CLIENT_OPS,N_WRITES,N_WRITE_BYTES,N_UPDATES,N_UPDATE_BYTES,N_READS,N_READ_BYTES,N_DELETES,N_DELETE_BYTES,N_GCS,N_GC_BYTES,N_EXTRA_COND_WAITS,N_MD_GET,N_MD_GET_BYTES,N_MD_SET,N_MD_SET_BYTES,N_IO_STRIPE_READ,N_IO_STRIPE_READ_BYTES,N_IO_POINT_READ,N_IO_POINT_READ_BYTES,N_IO_STRIPE_WRITE,N_IO_STRIPE_WRITE_BYTES,N_STRIPE_TBL_DUMPS,N_LAT_HITS,N_LAT_MISSES,CPU_USR_CNT,CPU_NICE_CNT,CPU_SYS_CNT,CPU_IDLE_CNT,CPU_IOWAIT_CNT,
ws_base_t1w50o100.out,830,0,2800,1,0,1048576,1,100,1000000,50,3000000,20000,0,3.18776,0,0,0,0,0.0137429,16.7002,10.3172,6.38297,6.38297,0,0,0,0,52.3883,32.365,20.0233,263.141,0,0,0,0,0,0,0,0,0,0,0,0,0,0,0,0,0.595143,0.511972,4.90054,4.23282,0,0,0,0,8.23423,8.26767,1.89718,1.63205,0,0,15.6218,13.4932,0,0,0,0,0,0,0,0,0,0,0,0,0,0,0,0,2551522,0,0,0,0,0,0,0,0,0,0,0,0,0,400,51889601,0,0,0,0,0,0,11,0,0,8258,0,5109,4398906,67141,0,0,0,0,0,0,0,0,0,0,0,1518520,1306309,0,0,12503842816,10800136192,564372,121552,682556,685068,1,0,0,0,0,0,0,0,0,0,0,0,
ws_base_t16w50o100.out,180,0,2800,1,0,1048576,16,100,1000000,50,3000000,20000,0,14.048,0,0,0,0,0.013299,92.4814,51.0283,41.453,41.453,0,0,0,0,65.8325,36.3243,29.5082,860.286,0,0,0,0,0,0,0,0,0,0,0,0,0,0,0,0,0.668985,0.512481,5.51062,4.22153,0,0,0,0,8.23728,8.23744,9.39789,7.19932,0,0,77.4131,59.304,0,0,0,0,0,0,0,0,0,0,0,0,0,0,0,0,2112635,0,0,0,0,0,0,0,0,0,0,0,0,0,76,9863468,0,0,0,0,0,0,2,0,0,7674,0,6234,643338,181747,0,0,0,0,0,0,0,0,0,0,0,1413321,1082685,0,0,11641921536,8918556672,2104788,155312,150440,2260624,16,0,0,0,0,0,0,0,0,0,0,0,
ws_ws_t16w25o100.out,20,1,2800,1,0,1048576,16,100,1000000,25,3000000,20000,0,0,0,0,0,0,0,0,0,0,0,0,0,0,0,0,0,0,0,0,0,0,0,0,0,0,0,0,0,0,0,0,0,0,0,0,0,0,0,0,0,0,0,0,0,0,0,0,0,0,0,0,0,0,0,0,0,0,0,0,0,0,0,0,0,0,0,0,0,0,0,0,0,0,0,0,0,0,0,0,0,0,0,0,0,0,0,0,0,0,0,0,0,0,0,0,0,0,0,0,0,0,0,0,0,0,0,0,0,0,0,0,0,0,0,0,0,0,0,0,0,0,0,0,0,0,0,0,0,0,
ws_ws_t8w25o100.out,20,1,2800,1,0,1048576,8,100,1000000,25,3000000,20000,0,0,0,0,0,0,0,0,0,0,0,0,0,0,0,0,0,0,0,0,0,0,0,0,0,0,0,0,0,0,0,0,0,0,0,0,0,0,0,0,0,0,0,0,0,0,0,0,0,0,0,0,0,0,0,0,0,0,0,0,0,0,0,0,0,0,0,0,0,0,0,0,0,0,0,0,0,0,0,0,0,0,0,0,0,0,0,0,0,0,0,0,0,0,0,0,0,0,0,0,0,0,0,0,0,0,0,0,0,0,0,0,0,0,0,0,0,0,0,0,0,0,0,0,0,0,0,0,0,0,
ws_ws_t8w50o100.out,120,1,2800,1,0,1048576,8,100,1000000,50,3000000,20000,1,11.0548,5.4744,5.61854,5.5742,5.5742,0.0110948,50.4259,30.4663,19.9596,19.9596,45.4576,27.4646,17.993,476.67,45.6146,27.5594,18.0551,478.316,0.495211,0.0158833,4.05677,4.16371,0.493507,0.0158287,4.04281,4.14939,8.192,262.144,5.47444,0.175586,0,0,44.8466,46.0289,0.000819958,0.00270275,0.0833759,0.0487709,0.000817137,0.00269345,0.083089,0.0486031,101.683,18.0449,0.00906446,0.0298783,0,0,0.921702,0.539152,0,0,0,0,0,0,0,0,0,0,0,0,0,0,0,0,996392,506412,4148527104,502415,4115783680,493420,4042096640,502415,4115783680,15826,0,0,0,0,45,5849308,0,0,493419,4042088448,15826,4148690944,1,1,493419,2746,0,1799,451732,47659,493424,15826,0,0,4042129408,4148690944,503500,10088,89572,513452,3,817,2693,0,0,83075072,48594944,868,300,1004,1168,0,0,0,0,0,0,0,0,0,0,0,0,
ws_base_t8w100o100.out,370,0,2800,1,0,1048576,8,100,1000000,100,3000000,20000,0,7.50609,0,0,0,0,0.0146834,67.8139,38.4559,29.358,29.358,0,0,0,0,90.3451,51.2329,39.1122,890.063,0,0,0,0,0,0,0,0,0,0,0,0,0,0,0,0,0.747059,1.01569,6.19506,8.36712,0,0,0,0,8.2926,8.23783,5.6075,7.6239,0,0,46.5007,62.8044,0,0,0,0,0,0,0,0,0,0,0,0,0,0,0,0,2555977,0,0,0,0,0,0,0,0,0,0,0,0,0,171,22168126,0,0,0,0,0,0,5,0,0,13095,0,9997,1650791,227498,0,0,0,0,0,0,0,0,0,0,0,1909466,2596092,0,0,15834431488,21386174464,2164488,341124,340552,2505308,2,0,0,0,0,0,0,0,0,0,0,0,
ws_base_t16w25o100.out,80,0,2800,1,0,1048576,16,100,1000000,25,3000000,20000,0,25.5412,0,0,0,0,0.0199472,80.9057,47.9929,32.9128,32.9128,0,0,0,0,31.6766,18.7904,12.8862,388.484,0,0,0,0,0,0,0,0,0,0,0,0,0,0,0,0,0.301453,0.257962,2.46953,2.12415,0,0,0,0,8.19208,8.23434,7.69945,6.58865,0,0,63.0745,54.2532,0,0,0,0,0,0,0,0,0,0,0,0,0,0,0,0,1280440,0,0,0,0,0,0,0,0,0,0,0,0,0,25,3227675,0,0,0,0,0,0,1,0,0,2406,0,1650,226110,49743,0,0,0,0,0,0,0,0,0,0,0,385992,330305,0,0,3162079232,2719842304,546700,48740,50148,595516,7,0,0,0,0,0,0,0,0,0,0,0,
ws_ws_t32w50o100.out,140,1,2800,1,0,1048576,32,100,1000000,50,3000000,20000,1,17.9181,12.0435,9.10903,9.03349,9.03349,0.00904049,247.131,140.815,106.316,106.316,116.833,66.5711,50.2617,774.923,137.922,78.5879,59.3345,914.805,0.672135,0.0158866,5.50613,4.16458,0.569359,0.0134574,4.66419,3.52777,8.192,262.144,12.0434,0.284658,0,0,98.6594,74.6214,0.00198488,0.00394302,0.0548149,0.0546413,0.00168137,0.00334009,0.0464332,0.0462861,27.6162,13.8577,0.0355653,0.0706514,0,0,0.98218,0.979069,0,0,0,0,0,0,0,0,0,0,0,0,0,0,0,0,1981985,1007581,8254103552,999226,8185659392,1332174,10913169408,999226,8185659392,31487,0,0,0,0,55,7160128,0,0,1332167,10913112064,31488,8254390272,1,5,1332167,15576,0,11760,408340,181313,1332161,31487,0,0,10913062912,8254128128,2822348,21932,110456,2846996,26,3934,7815,0,0,108642304,108298240,3536,824,4172,4360,0,0,0,0,0,0,0,0,0,0,0,0,
ws_base_t8w25o1000.out,270,0,2800,1,0,1048576,8,1000,100000,25,3000000,20000,0,10.6335,0,0,0,0,0.0124826,56.4089,30.1372,26.2717,26.2717,0,0,0,0,53.0484,28.3418,24.7066,661.472,0,0,0,0,0,0,0,0,0,0,0,0,0,0,0,0,0.780273,0.257661,6.39203,2.12531,0,0,0,0,8.19203,8.24849,8.29702,2.73983,0,0,67.9695,22.5995,0,0,0,0,0,0,0,0,0,0,0,0,0,0,0,0,2555590,0,0,0,0,0,0,0,0,0,0,0,0,0,121,15712776,0,0,0,0,0,0,3,0,0,7243,0,6314,1159793,169045,0,0,0,0,0,0,0,0,0,0,0,1994059,658475,0,0,16335396864,5431427072,1722772,79788,240348,1802468,7,0,0,0,0,0,0,0,0,0,0,0,
ws_base_t16w100o1000.out,290,0,2800,1,0,1048576,16,1000,100000,100,3000000,20000,0,10.1971,0,0,0,0,0.0115117,69.8223,39.6693,30.153,30.153,0,0,0,0,68.4727,38.9026,29.5702,664.128,0,0,0,0,0,0,0,0,0,0,0,0,0,0,0,0,0.797117,1.00663,6.60223,8.29009,0,0,0,0,8.28263,8.23549,8.12828,10.2647,0,0,67.3236,84.5348,0,0,0,0,0,0,0,0,0,0,0,0,0,0,0,0,2657409,0,0,0,0,0,0,0,0,0,0,0,0,0,131,17023596,0,0,0,0,0,0,3,0,0,10338,0,7858,1261052,176486,0,0,0,0,0,0,0,0,0,0,0,2118267,2675027,0,0,17544830976,22030147584,3356036,608616,260664,3966080,16,0,0,0,0,0,0,0,0,0,0,0,
ws_base_t32w25o1000.out,120,0,2800,1,0,1048576,32,1000,100000,25,3000000,20000,0,25.0429,0,0,0,0,0.0110501,120.037,63.0406,56.9962,56.9962,0,0,0,0,47.9325,25.173,22.7594,666.629,0,0,0,0,0,0,0,0,0,0,0,0,0,0,0,0,0.792313,0.255454,6.49064,2.10356,0,0,0,0,8.19201,8.23462,19.8418,6.3973,0,0,162.544,52.6793,0,0,0,0,0,0,0,0,0,0,0,0,0,0,0,0,2266314,0,0,0,0,0,0,0,0,0,0,0,0,0,45,5849308,0,0,0,0,0,0,1,0,0,5705,0,5158,342284,151079,0,0,0,0,0,0,0,0,0,0,0,1795630,578938,0,0,14709825536,4767334400,2645644,107140,90564,2756340,15,0,0,0,0,0,0,0,0,0,0,0,
ws_ws_t8w50o1000.out,310,1,2800,1,0,1048576,8,1000,100000,50,3000000,20000,1,9.40095,7.43867,4.73233,4.71702,4.71702,0.0142643,57.2534,32.8578,24.3955,24.3955,47.0408,26.9968,20.044,467.674,60.9017,34.9516,25.9501,605.477,0.791263,0.0157309,6.48203,4.12375,0.611176,0.0121506,5.00675,3.18521,8.192,262.144,7.43862,0.147885,0,0,60.9372,38.7672,0.00100561,0.00295765,0.0372245,0.0492225,0.000776737,0.0022845,0.0287524,0.0380198,37.017,16.6425,0.00945367,0.0278047,0,0,0.349946,0.462739,0,0,0,0,0,0,0,0,0,0,0,0,0,0,0,0,2636217,1327041,10871119872,1322748,10835951616,2085955,17088143360,1322748,10835951616,41470,0,0,0,0,141,18285037,0,0,2085947,17088077824,41470,10871111680,4,8,2085947,9214,0,6841,1391760,159617,2085941,41470,0,0,17088028672,10871111680,1995592,25524,279712,2020988,7,2651,7797,0,0,98131968,129761280,2280,708,2820,2972,0,0,0,0,0,0,0,0,0,0,0,0,
ws_ws_t32w50o1000.out,150,1,2800,1,0,1048576,32,1000,100000,50,3000000,20000,1,19.2761,15.3547,9.66249,9.65239,9.65239,0.0165818,209.428,99.1838,110.244,110.244,83.7136,39.6463,44.0673,719.838,108.646,51.4543,57.192,934.229,0.796563,0.0156647,6.52544,4.1064,0.613764,0.0120699,5.02795,3.16404,8.192,262.144,15.3546,0.301954,0,0,125.785,79.1554,0.00189335,0.00383359,0.0483773,0.0529473,0.00145886,0.00295384,0.0372755,0.0407967,25.5511,13.8114,0.0364965,0.0738966,0,0,0.932527,1.02062,0,0,0,0,0,0,0,0,0,0,0,0,0,0,0,0,2324977,1165436,9547251712,1164217,9537265664,1851995,15171543040,1164217,9537265664,36420,0,0,0,0,60,7766165,0,0,1851992,15171518464,36419,9547022336,2,6,1851992,11963,0,13297,429583,217206,1851990,36420,0,0,15171502080,9547284480,3237812,26632,120396,3269424,31,4402,8913,0,0,112476160,123101184,4068,916,4808,4984,0,0,0,0,0,0,0,0,0,0,0,0,
ws_base_t1w50o1000.out,1090,0,2800,1,0,1048576,1,1000,100000,50,3000000,20000,0,2.69836,0,0,0,0,0.0132004,16.7597,9.4194,7.34034,7.34034,0,0,0,0,62.1108,34.9078,27.2029,310.306,0,0,0,0,0,0,0,0,0,0,0,0,0,0,0,0,0.784104,0.50991,6.44583,4.21941,0,0,0,0,8.22064,8.2748,2.1158,1.37592,0,0,17.3932,11.3855,0,0,0,0,0,0,0,0,0,0,0,0,0,0,0,0,2861822,0,0,0,0,0,0,0,0,0,0,0,0,0,530,68782112,0,0,0,0,0,0,14,0,0,9990,0,7785,5828146,88804,0,0,0,0,0,0,0,0,0,0,0,2243966,1459272,0,0,18446827520,12075188224,771696,138728,906052,909012,1,0,0,0,0,0,0,0,0,0,0,0,
ws_base_t8w100o1000.out,400,0,2800,1,0,1048576,8,1000,100000,100,3000000,20000,0,7.35714,0,0,0,0,0.0134925,65.2388,35.2451,29.9938,29.9938,0,0,0,0,88.6742,47.9059,40.7683,925.918,0,0,0,0,0,0,0,0,0,0,0,0,0,0,0,0,0.795337,1.00681,6.58583,8.2939,0,0,0,0,8.28055,8.23783,5.8514,7.40721,0,0,48.4529,61.0193,0,0,0,0,0,0,0,0,0,0,0,0,0,0,0,0,2726385,0,0,0,0,0,0,0,0,0,0,0,0,0,186,24134342,0,0,0,0,0,0,5,0,0,13061,0,11115,1792537,252441,0,0,0,0,0,0,0,0,0,0,0,2168395,2744942,0,0,17955512320,22612353024,2385748,364584,370620,2749652,7,0,0,0,0,0,0,0,0,0,0,0,
ws_ws_t32w100o1000.out,191,1,2800,1,0,1048576,32,1000,100000,100,3000000,20000,1,15.4962,12.3309,15.4998,15.4983,15.4983,0.01243,328.52,185.611,142.908,142.908,118.042,66.6931,51.3491,544.458,212,119.779,92.2213,977.829,0.795728,0.0312575,6.51861,8.19398,0.443064,0.0174043,3.62958,4.56243,8.192,262.144,12.3308,0.484373,0,0,101.014,126.976,0.00262137,0.00640383,0.131619,0.0942884,0.00145959,0.00356567,0.0732857,0.0525001,50.2098,14.7237,0.0406213,0.0992352,0,0,2.03959,1.46111,0,0,0,0,0,0,0,0,0,0,0,0,0,0,0,0,2493350,2493924,20430225408,2493679,20428218368,1984051,16253345792,2493679,20428218368,77936,0,0,0,0,80,10387796,0,0,1984047,16253313024,77936,20430454784,2,4,1984047,29865,0,22994,600308,243807,1984029,77936,0,0,16253165568,20430454784,3771716,54312,159856,3831128,26,6536,15967,0,0,328171520,235094016,7068,1720,8148,8788,0,0,0,0,0,0,0,0,0,0,0,0,
ws_base_t8w50o1000.out,310,0,2800,1,0,1048576,8,1000,100000,50,3000000,20000,0,9.32712,0,0,0,0,0.014264,61.0929,32.9428,28.1501,28.1501,0,0,0,0,65.5002,35.3193,30.1809,721.175,0,0,0,0,0,0,0,0,0,0,0,0,0,0,0,0,0.791916,0.506508,6.51185,4.17438,0,0,0,0,8.22291,8.24149,7.38629,4.72427,0,0,60.7369,38.935,0,0,0,0,0,0,0,0,0,0,0,0,0,0,0,0,2615564,0,0,0,0,0,0,0,0,0,0,0,0,0,141,18285037,0,0,0,0,0,0,4,0,0,9238,0,7894,1360321,188628,0,0,0,0,0,0,0,0,0,0,0,2071306,1324805,0,0,17032167424,10918363136,1927292,161816,280480,2089004,8,0,0,0,0,0,0,0,0,0,0,0,
ws_ws_t16w50o1000.out,240,1,2800,1,0,1048576,16,1000,100000,50,3000000,20000,1,11.9312,9.46166,5.99496,5.98122,5.98122,0.0142471,83.9108,45.5528,38.358,38.358,54.288,29.4714,24.8166,694.108,70.3287,38.1795,32.1492,899.2,0.793011,0.0157017,6.49634,4.1161,0.612139,0.0121204,5.01464,3.17729,8.192,262.144,9.46159,0.18734,0,0,77.5093,49.1101,0.00152169,0.00346927,0.0428814,0.0519462,0.00117462,0.00267799,0.0331009,0.0400982,28.1802,14.9732,0.0181556,0.0413926,0,0,0.511628,0.619782,0,0,0,0,0,0,0,0,0,0,0,0,0,0,0,0,2512345,1262351,10341179392,1259458,10317479936,1992330,16321167360,1259458,10317479936,39448,0,0,0,0,105,13615465,0,0,1992321,16321093632,39448,10341056512,3,9,1992321,9592,0,8077,932393,225910,1992316,39448,0,0,16321052672,10341056512,3047324,24420,210428,3072856,14,3823,8716,0,0,107732992,130506752,2736,948,3520,3680,0,0,0,0,0,0,0,0,0,0,0,0,
ws_base_t16w50o1000.out,230,0,2800,1,0,1048576,16,1000,100000,50,3000000,20000,0,12.9879,0,0,0,0,0.0149557,89.5597,46.0237,43.536,43.536,0,0,0,0,68.9564,35.4359,33.5205,1036.89,0,0,0,0,0,0,0,0,0,0,0,0,0,0,0,0,0.793684,0.505647,6.52644,4.16532,0,0,0,0,8.22297,8.23761,10.3083,6.56728,0,0,84.7646,54.0987,0,0,0,0,0,0,0,0,0,0,0,0,0,0,0,0,2605271,0,0,0,0,0,0,0,0,0,0,0,0,0,101,13091142,0,0,0,0,0,0,3,0,0,9232,0,8733,830751,270137,0,0,0,0,0,0,0,0,0,0,0,2067761,1317347,0,0,17003134976,10851794944,2845180,187116,200672,3034624,1,0,0,0,0,0,0,0,0,0,0,0,
ws_ws_t1w50o1000.out,900,1,2800,1,0,1048576,1,1000,100000,50,3000000,20000,1,3.2342,2.54003,1.63756,1.6273,1.6273,0.0137847,15.9558,9.46897,6.48687,6.48687,38.1939,22.6661,15.5278,208.098,49.3347,29.2776,20.0571,268.798,0.785362,0.0158226,6.43368,4.1478,0.608011,0.0122495,4.98083,3.21114,8.192,262.144,2.54002,0.0511736,0,0,20.8078,13.4148,0.000523892,0.0024884,0.0314562,0.0586235,0.000405587,0.00192647,0.0243527,0.0453851,60.0432,23.5587,0.00169437,0.00804799,0,0,0.101736,0.1896,0,0,0,0,0,0,0,0,0,0,0,0,0,0,0,0,2815465,1425539,11678015488,1416606,11604836352,2211169,18113896448,1416606,11604836352,44548,0,0,0,0,436,56559172,0,0,2211159,18113814528,44548,11677990912,12,10,2211159,8243,0,5647,4782297,75679,2211158,44548,0,0,18113806336,11677990912,750276,26120,756816,775652,1,1475,7006,0,0,88563712,165052416,4004,788,4624,4788,0,0,0,0,0,0,0,0,0,0,0,0,
ws_ws_t8w100o100.out,320,1,2800,1,0,1048576,8,100,1000000,100,3000000,20000,1,7.68191,5.69472,7.75088,7.7166,7.7166,0.0137707,64.2337,39.4429,24.7908,24.7908,47.773,29.3352,18.4378,384.086,83.6168,51.3451,32.2716,672.264,0.741314,0.0315304,6.07285,8.2655,0.423537,0.0180144,3.46962,4.72235,8.192,262.144,5.69471,0.242214,0,0,46.6511,63.4949,0.00134626,0.00513496,0.13409,0.089025,0.000769161,0.00293377,0.07661,0.0508629,99.6021,17.337,0.0103418,0.0394463,0,0,1.03007,0.683882,0,0,0,0,0,0,0,0,0,0,0,0,0,0,0,0,2231371,2251403,18443493376,2241448,18361942016,1654150,13550796800,2241448,18361942016,70356,0,0,0,0,145,18809362,0,0,1654144,13550747648,70357,18443665408,4,5,1654144,11457,0,7201,1455110,150007,1654147,70356,0,0,13550772224,18443403264,1830388,42532,288756,1872504,3,3004,11458,0,0,299204608,198647808,2988,1240,3688,4228,0,0,0,0,0,0,0,0,0,0,0,0,
ws_base_t8w50o100.out,250,0,2800,1,0,1048576,8,100,1000000,50,3000000,20000,0,10.0033,0,0,0,0,0.0136145,59.872,34.3085,25.5635,25.5635,0,0,0,0,59.8523,34.2972,25.5551,610.872,0,0,0,0,0,0,0,0,0,0,0,0,0,0,0,0,0.666216,0.512415,5.48669,4.2228,0,0,0,0,8.2356,8.24096,6.66435,5.12584,0,0,54.8849,42.2419,0,0,0,0,0,0,0,0,0,0,0,0,0,0,0,0,2204259,0,0,0,0,0,0,0,0,0,0,0,0,0,111,14401956,0,0,0,0,0,0,3,0,0,7560,0,5633,1083107,134652,0,0,0,0,0,0,0,0,0,0,0,1468512,1129496,0,0,12094078976,9308135424,1502400,133132,220432,1635232,5,0,0,0,0,0,0,0,0,0,0,0,
ws_ws_t1w100o1000.out,1010,1,2800,1,0,1048576,1,1000,100000,100,3000000,20000,1,2.93228,2.32092,2.94516,2.93875,2.93875,0.0132568,18.3983,11.0429,7.35546,7.35546,34.9374,20.9698,13.9676,165.636,62.7442,37.6597,25.0845,297.466,0.791504,0.0313874,6.48401,8.22802,0.440728,0.0174772,3.61045,4.58155,8.192,262.144,2.32091,0.0920365,0,0,19.0129,24.1268,0.000709446,0.00452724,0.101341,0.0964727,0.000395036,0.00252087,0.0564293,0.0537182,142.846,21.3094,0.00208029,0.0132751,0,0,0.297161,0.282885,0,0,0,0,0,0,0,0,0,0,0,0,0,0,0,0,2875485,2888123,23659503616,2881829,23607943168,2275965,18644705280,2881829,23607943168,90254,0,0,0,0,491,63719296,0,0,2275959,18644656128,90254,23659544576,13,6,2275959,10829,0,7213,5384259,85536,2275959,90254,0,0,18644664320,23659544576,819344,53716,834076,872288,1,2040,13018,0,0,291405824,277405696,5696,1504,6540,7188,0,0,0,0,0,0,0,0,0,0,0,0,
ws_base_t1w100o1000.out,1390,0,2800,1,0,1048576,1,1000,100000,100,3000000,20000,0,2.12589,0,0,0,0,0.0132278,17.5812,9.37557,8.20564,8.20564,0,0,0,0,82.7007,44.1019,38.5987,391.736,0,0,0,0,0,0,0,0,0,0,0,0,0,0,0,0,0.791317,1.01035,6.54887,8.34458,0,0,0,0,8.27591,8.25913,1.68225,2.14788,0,0,13.9221,17.7396,0,0,0,0,0,0,0,0,0,0,0,0,0,0,0,0,2892843,0,0,0,0,0,0,0,0,0,0,0,0,0,680,88246884,0,0,0,0,0,0,18,0,0,12758,0,11166,7476891,113323,0,0,0,0,0,0,0,0,0,0,0,2289156,2922775,0,0,18944851968,24139571200,850828,315432,1159228,1164608,1,0,0,0,0,0,0,0,0,0,0,0,
ws_ws_t32w100o100.out,191,1,2800,1,0,1048576,32,100,1000000,100,3000000,20000,1,14.3909,10.803,14.5351,14.4635,14.4635,0.0124296,440.512,274.328,166.184,166.184,173.854,108.267,65.5868,551.407,306.106,190.627,115.479,970.866,0.750684,0.0315628,6.1496,8.274,0.426354,0.0179262,3.4927,4.69926,8.192,262.144,10.803,0.454216,0,0,88.4981,119.07,0.00278117,0.00658757,0.141384,0.0968221,0.00157958,0.00374144,0.0802997,0.0549905,50.8362,14.6977,0.0400234,0.0948008,0,0,2.03464,1.39335,0,0,0,0,0,0,0,0,0,0,0,0,0,0,0,0,2315573,2338781,19159293952,2327262,19064930304,1738259,14239817728,2327262,19064930304,73086,0,0,0,0,80,10387796,0,0,1738256,14239793152,73086,19159056384,2,3,1738256,44141,0,26740,601617,224811,1738264,73086,0,0,14239858688,19159056384,3519940,50044,159704,3576852,22,6440,15254,0,0,327385088,224198656,6312,1804,7428,8100,0,0,0,0,0,0,0,0,0,0,0,0,
ws_base_t1w25o1000.out,910,0,2800,1,0,1048576,1,1000,100000,25,3000000,20000,0,3.17498,0,0,0,0,0.0136284,14.8765,8.67786,6.19864,6.19864,0,0,0,0,46.8554,27.332,19.5234,269.478,0,0,0,0,0,0,0,0,0,0,0,0,0,0,0,0,0.766865,0.260303,6.28231,2.16144,0,0,0,0,8.1922,8.30356,2.43479,0.826458,0,0,19.9462,6.86255,0,0,0,0,0,0,0,0,0,0,0,0,0,0,0,0,2795625,0,0,0,0,0,0,0,0,0,0,0,0,0,440,57083496,0,0,0,0,0,0,12,0,0,7641,0,5458,4839163,75336,0,0,0,0,0,0,0,0,0,0,0,2143868,727710,0,0,17562992640,6042583040,705988,62676,765740,767940,1,0,0,0,0,0,0,0,0,0,0,0,
ws_base_t32w100o1000.out,241,0,2800,1,0,1048576,32,1000,100000,100,3000000,20000,0,12.4188,0,0,0,0,0.0142135,113.504,57.7258,55.7785,55.7785,0,0,0,0,91.3971,46.4825,44.9146,1199.81,0,0,0,0,0,0,0,0,0,0,0,0,0,0,0,0,0.799625,1.00744,6.62377,8.29562,0,0,0,0,8.2836,8.23434,9.93039,12.5112,0,0,82.2594,103.022,0,0,0,0,0,0,0,0,0,0,0,0,0,0,0,0,2621199,0,0,0,0,0,0,0,0,0,0,0,0,0,105,13615465,0,0,0,0,0,0,3,0,0,12184,0,11773,838059,314493,0,0,0,0,0,0,0,0,0,0,0,2095976,2640706,0,0,17362223104,21744467968,4452856,1934744,211176,6393808,30,0,0,0,0,0,0,0,0,0,0,0,
ws_base_t1w100o100.out,1280,0,2800,1,0,1048576,1,100,1000000,100,3000000,20000,0,2.2123,0,0,0,0,0.0135926,19.7308,11.692,8.03882,8.03882,0,0,0,0,89.1868,52.85,36.3369,360.983,0,0,0,0,0,0,0,0,0,0,0,0,0,0,0,0,0.697105,1.01609,5.78013,8.39081,0,0,0,0,8.29162,8.25794,1.54221,2.2479,0,0,12.7874,18.563,0,0,0,0,0,0,0,0,0,0,0,0,0,0,0,0,2766888,0,0,0,0,0,0,0,0,0,0,0,0,0,625,81086756,0,0,0,0,0,0,17,0,0,14623,0,10054,6873566,99880,0,0,0,0,0,0,0,0,0,0,0,1928811,2811408,0,0,15992971264,23216439296,747728,297316,1038428,1043516,1,0,0,0,0,0,0,0,0,0,0,0,
ws_ws_t32w25o100.out,40,1,2800,1,0,1048576,32,100,1000000,25,3000000,20000,1,84.9772,6.72625,21.8587,21.589,21.589,0,403.72,257.681,146.039,146.039,141.235,90.1459,51.0896,274.507,47.5092,30.3236,17.1857,92.3394,0.0791676,0.00803598,0.648541,2.10658,0.23535,0.0238893,1.92798,6.26245,8.192,262.144,6.72744,0.682875,0,0,55.1112,179.012,0.00031938,0.00134303,0.00261636,0.0201546,0.000949453,0.00399257,0.00777792,0.0599156,8.192,15.0068,0.02714,0.114127,0,0,0.222331,1.71268,0,0,0,0,0,0,0,0,0,0,0,0,0,0,0,0,854781,219875,1801216000,217163,1778999296,67659,554262528,217163,1778999296,6869,0,0,0,0,5,655410,0,0,67665,554311680,6871,1801191424,0,2,67665,2592,0,1469,44192,7893,67671,6869,0,0,554360832,1800667136,104756,4856,9852,109736,2,273,1148,0,0,2236416,17227776,220,172,388,392,0,0,0,0,0,0,0,0,0,0,0,0,
ws_ws_t1w25o1000.out,840,1,2800,1,0,1048576,1,1000,100000,25,3000000,20000,1,3.37569,2.59604,0.871759,0.857911,0.857911,0.0135731,14.2567,8.08833,6.16835,6.16835,41.1116,23.3241,17.7875,253.267,42.2334,23.9605,18.2729,260.178,0.769033,0.00807019,6.29992,2.11555,0.748605,0.00785582,6.13257,2.05936,8.192,262.144,2.59601,0.0272424,0,0,21.2665,7.14144,0.000448872,0.00147638,0.00371309,0.0398918,0.000436949,0.00143716,0.00361446,0.0388321,8.27205,27.02,0.00151525,0.00498379,0,0,0.0125342,0.134662,0,0,0,0,0,0,0,0,0,0,0,0,0,0,0,0,2735747,706497,5787623424,695274,5695684608,2103902,17235165184,695274,5695684608,22078,0,0,0,0,405,52545008,0,0,2103880,17234984960,22078,5787615232,11,22,2103880,6555,0,4999,4452788,71178,2103879,22078,0,0,17234976768,5787615232,711332,13140,714424,723944,1,1228,4039,0,0,10158080,109133824,3728,524,4252,4252,0,0,0,0,0,0,0,0,0,0,0,0,
ws_base_t1w25o100.out,500,0,2800,1,0,1048576,1,100,1000000,25,3000000,20000,0,4.50031,0,0,0,0,0.0127582,15.8627,9.64309,6.21963,6.21963,0,0,0,0,35.2481,21.4276,13.8205,189.163,0,0,0,0,0,0,0,0,0,0,0,0,0,0,0,0,0.426047,0.257929,3.49022,2.13585,0,0,0,0,8.19211,8.28078,1.91734,1.16076,0,0,15.7071,9.61198,0,0,0,0,0,0,0,0,0,0,0,0,0,0,0,0,2116427,0,0,0,0,0,0,0,0,0,0,0,0,0,235,30507978,0,0,0,0,0,0,6,0,0,4535,0,2925,2584395,40035,0,0,0,0,0,0,0,0,0,0,0,901697,545887,0,0,7386800128,4520370176,356832,51112,406212,407488,1,0,0,0,0,0,0,0,0,0,0,0,
ws_ws_t16w50o100.out,160,1,2800,1,0,1048576,16,100,1000000,50,3000000,20000,1,12.7709,5.54171,6.49505,6.43933,6.43933,0.0153474,66.0474,39.8878,26.1596,26.1596,54.8714,33.1383,21.7331,635.563,51.7169,31.2332,20.4837,599.026,0.43393,0.015893,3.55475,4.16626,0.460398,0.0168624,3.77158,4.42038,8.192,262.144,5.5417,0.202969,0,0,45.3976,53.2071,0.00102508,0.0029671,0.0542933,0.0484948,0.00108761,0.00314808,0.0576049,0.0514527,52.9647,16.3442,0.0130913,0.0378926,0,0,0.693377,0.619324,0,0,0,0,0,0,0,0,0,0,0,0,0,0,0,0,1664253,846406,6933757952,839145,6874275840,722171,5916024832,839145,6874275840,26450,0,0,0,0,65,8421570,0,0,722162,5915951104,26450,6933708800,2,9,722162,5198,0,3409,620140,99693,722169,26450,0,0,5916008448,6933708800,1210236,17004,129920,1227212,8,1706,4938,0,0,90357760,80707584,1468,444,1704,1912,0,0,0,0,0,0,0,0,0,0,0,0,
ws_base_t8w25o100.out,130,0,2800,1,0,1048576,8,100,1000000,25,3000000,20000,0,15.0143,0,0,0,0,0.00998542,56.3777,32.9419,23.4358,23.4358,0,0,0,0,37.5494,21.9404,15.609,416.309,0,0,0,0,0,0,0,0,0,0,0,0,0,0,0,0,0.462255,0.258609,3.78682,2.13127,0,0,0,0,8.19205,8.24128,6.94043,3.88282,0,0,56.8563,31.9994,0,0,0,0,0,0,0,0,0,0,0,0,0,0,0,0,1503619,0,0,0,0,0,0,0,0,0,0,0,0,0,50,6504718,0,0,0,0,0,0,1,0,0,3299,0,2347,491276,62597,0,0,0,0,0,0,0,0,0,0,0,695056,388849,0,0,5693931520,3204612096,659788,45812,100168,705400,4,0,0,0,0,0,0,0,0,0,0,0,
ws_base_t16w25o1000.out,190,0,2800,1,0,1048576,16,1000,100000,25,3000000,20000,0,15.0009,0,0,0,0,0.0124638,84.7352,43.3242,41.411,41.411,0,0,0,0,56.4866,28.881,27.6056,904.732,0,0,0,0,0,0,0,0,0,0,0,0,0,0,0,0,0.786788,0.256654,6.44539,2.11524,0,0,0,0,8.19203,8.24161,11.8026,3.85006,0,0,96.687,31.7306,0,0,0,0,0,0,0,0,0,0,0,0,0,0,0,0,2407121,0,0,0,0,0,0,0,0,0,0,0,0,0,81,10518878,0,0,0,0,0,0,2,0,0,6952,0,6645,663797,217780,0,0,0,0,0,0,0,0,0,0,0,1893894,617798,0,0,15514845184,5091647488,2351992,84672,160520,2437408,11,0,0,0,0,0,0,0,0,0,0,0,
ws_ws_t1w100o100.out,930,1,2800,1,0,1048576,1,100,1000000,100,3000000,20000,1,2.95861,2.11308,2.98984,2.97428,2.97428,0.0133261,20.1312,13.4404,6.69079,6.69079,39.4505,26.3387,13.1117,161.264,68.0429,45.4283,22.6147,278.144,0.714211,0.0315802,5.85082,8.27856,0.414091,0.0183098,3.39223,4.79981,8.192,262.144,2.11307,0.0934335,0,0,17.3103,24.493,0.000719165,0.00454771,0.108985,0.0969406,0.000416963,0.0026367,0.063188,0.056205,151.543,21.3164,0.00212773,0.0134549,0,0,0.322443,0.286809,0,0,0,0,0,0,0,0,0,0,0,0,0,0,0,0,2664200,2692325,22055526400,2678314,21940748288,1902806,15587786752,2678314,21940748288,84136,0,0,0,0,450,58394316,0,0,1902802,15587753984,84136,22055747584,12,4,1902802,12103,0,6025,4947550,74103,1902802,84136,0,0,15587753984,22055747584,734764,49816,751416,783872,1,1916,12116,0,0,290357248,258269184,5064,1332,5784,6392,0,0,0,0,0,0,0,0,0,0,0,0,
ws_ws_t16w100o1000.out,280,1,2800,1,0,1048576,16,1000,100000,100,3000000,20000,1,10.5383,8.37978,10.5453,10.5417,10.5417,0.0119694,106.456,59.0529,47.4027,47.4027,56.251,31.2035,25.0475,510.398,101.018,56.0366,44.9815,916.594,0.795173,0.0312708,6.51406,8.19746,0.442785,0.0174129,3.6273,4.56469,8.192,262.144,8.37975,0.329541,0,0,68.6469,86.3871,0.00192215,0.00571497,0.119721,0.0903526,0.00107033,0.00318233,0.0666654,0.0503121,62.2847,15.8098,0.0202562,0.0602259,0,0,1.26165,0.952161,0,0,0,0,0,0,0,0,0,0,0,0,0,0,0,0,2641311,2643076,21652078592,2642176,21644705792,2100305,17205698560,2642176,21644705792,82597,0,0,0,0,125,16237104,0,0,2100306,17205706752,82596,21652045824,3,4,2100306,14801,0,11881,1130924,242101,2100299,82596,0,0,17205649408,21652045824,3425288,51384,250196,3477916,10,5077,15095,0,0,316219392,238649344,4936,1620,5892,6548,0,0,0,0,0,0,0,0,0,0,0,0,
ws_ws_t16w25o1000.out,210,1,2800,1,0,1048576,16,1000,100000,25,3000000,20000,1,12.5436,9.64163,3.19482,3.1657,3.1657,0.0110808,68.7397,37.2813,31.4584,31.4584,53.5504,29.0433,24.5071,786.539,54.8005,29.7213,25.0792,804.901,0.76864,0.00795926,6.2967,2.08647,0.751105,0.00777769,6.15306,2.03887,8.192,262.144,9.64153,0.0998379,0,0,78.9834,26.1719,0.0012597,0.00227735,0.0103339,0.0321995,0.00123096,0.0022254,0.0100982,0.0314649,8.20349,14.139,0.0158012,0.0285663,0,0,0.129625,0.403898,0,0,0,0,0,0,0,0,0,0,0,0,0,0,0,0,2264030,576642,4723851264,571386,4680794112,1740242,14256062464,571386,4680794112,18020,0,0,0,0,90,11698616,0,0,1740223,14255906816,18020,4723834880,2,19,1740223,6729,0,5678,813634,182232,1740224,18020,0,0,14255915008,4723834880,2518320,11440,180424,2530552,14,2852,5156,0,0,23396352,72900608,2388,564,2936,2944,0,0,0,0,0,0,0,0,0,0,0,0,
ws_ws_t1w50o100.out,720,1,2800,1,0,1048576,1,100,1000000,50,3000000,20000,1,3.48735,2.1602,1.77572,1.76013,1.76013,0.0130361,16.9208,10.875,6.04584,6.04584,42.9908,27.6301,15.3607,219.933,48.5206,31.1841,17.3365,248.223,0.619433,0.0159123,5.0744,4.17131,0.548838,0.0140988,4.49608,3.69591,8.192,262.144,2.16018,0.0554917,0,0,17.6962,14.5468,0.000499245,0.00246632,0.0358556,0.0573254,0.000442346,0.00218524,0.0317692,0.0507921,71.8197,23.2433,0.00174104,0.00860091,0,0,0.125041,0.199914,0,0,0,0,0,0,0,0,0,0,0,0,0,0,0,0,2407637,1225942,10042916864,1215183,9954779136,1491385,12217425920,1215183,9954779136,38311,0,0,0,0,346,44909934,0,0,1491371,12217311232,38311,10042998784,9,14,1491371,7508,0,4174,3792527,59763,1491371,38311,0,0,12217311232,10042998784,588556,22352,596008,610464,1,1202,5938,0,0,86327296,138018816,3248,660,3756,3904,0,0,0,0,0,0,0,0,0,0,0,0,
ws_base_t32w25o100.out,70,0,2800,1,0,1048576,32,100,1000000,25,3000000,20000,0,30.7107,0,0,0,0,0,89.0348,54.2167,34.8181,34.8181,0,0,0,0,28.9915,17.654,11.3374,351.477,0,0,0,0,0,0,0,0,0,0,0,0,0,0,0,0,0.396203,0.258394,3.24572,2.12727,0,0,0,0,8.19207,8.23267,12.1677,7.93546,0,0,99.6784,65.33,0,0,0,0,0,0,0,0,0,0,0,0,0,0,0,0,1234846,0,0,0,0,0,0,0,0,0,0,0,0,0,20,2621640,0,0,0,0,0,0,0,0,0,2180,0,1400,177491,43402,0,0,0,0,0,0,0,0,0,0,0,489250,319077,0,0,4007968768,2626854912,953208,77292,40212,1030540,21,0,0,0,0,0,0,0,0,0,0,0,
ws_ws_t1w25o100.out,460,1,2800,1,0,1048576,1,100,1000000,25,3000000,20000,1,4.49784,2.06463,1.15417,1.13985,1.13985,0.013945,14.5818,9.21297,5.36881,5.36881,45.3019,28.6224,16.6795,271.162,32.4195,20.4831,11.9364,194.052,0.459016,0.00801859,3.76026,2.10203,0.641414,0.0112049,5.25446,2.9373,8.192,262.144,2.06458,0.0360663,0,0,16.9131,9.45457,0.000338457,0.001359,0.0028065,0.0340379,0.000472948,0.00189901,0.00392171,0.0475633,8.29205,25.0463,0.00152233,0.00611254,0,0,0.0126232,0.153097,0,0,0,0,0,0,0,0,0,0,0,0,0,0,0,0,1935253,496598,4068130816,490437,4017659904,888332,7277215744,490437,4017659904,15518,0,0,0,0,215,27886341,0,0,888312,7277051904,15519,4068212736,6,19,888312,3964,0,2310,2364439,37554,888313,15518,0,0,7277060096,4067950592,375656,9164,379620,384592,1,655,2630,0,0,5431296,65871872,1988,340,2328,2328,0,0,0,0,0,0,0,0,0,0,0,0,
ws_ws_t8w100o1000.out,360,1,2800,1,0,1048576,8,1000,100000,100,3000000,20000,1,8.21022,6.52043,8.22013,8.21526,8.21526,0.0121033,66.1141,37.9528,28.1613,28.1613,44.8518,25.7472,19.1046,399.001,80.5266,46.2263,34.3003,716.362,0.794183,0.0312874,6.50595,8.20182,0.442345,0.0174265,3.62369,4.56826,8.192,262.144,6.52041,0.256877,0,0,53.4152,67.3387,0.00131643,0.00511464,0.111985,0.0871222,0.00073323,0.00284876,0.0623733,0.0485255,85.0665,17.0339,0.0108082,0.0419923,0,0,0.919418,0.715293,0,0,0,0,0,0,0,0,0,0,0,0,0,0,0,0,2713389,2716664,22254911488,2715055,22241730560,2154933,17653211136,2715055,22241730560,84895,0,0,0,0,166,21562084,0,0,2154923,17653129216,84896,22254977024,4,6,2154923,12543,0,9307,1630755,194377,2154927,84895,0,0,17653161984,22254714880,2245260,51480,328636,2296084,5,3572,13878,0,0,303857664,236396544,3832,1520,4760,5348,0,0,0,0,0,0,0,0,0,0,0,0,
ws_ws_t8w25o1000.out,270,1,2800,1,0,1048576,8,1000,100000,25,3000000,20000,1,10.1089,7.82725,2.57539,2.55245,2.55245,0.0124817,48.296,26.5237,21.7723,21.7723,46.4267,25.4971,20.9296,602.723,47.7757,26.2379,21.5377,620.236,0.774286,0.0079611,6.34295,2.08695,0.752424,0.00773631,6.16385,2.02803,8.192,262.144,7.82719,0.0804781,0,0,64.1203,21.0969,0.000832617,0.00184838,0.00683428,0.0299839,0.000809107,0.00179619,0.00664131,0.0291372,8.2082,16.2217,0.00841685,0.0186852,0,0,0.0690872,0.303104,0,0,0,0,0,0,0,0,0,0,0,0,0,0,0,0,2429689,618998,5070831616,613483,5025652736,1881288,15411511296,613483,5025652736,19343,0,0,0,0,121,15712776,0,0,1881270,15411363840,19343,5070651392,3,18,1881270,6375,0,5233,1181202,150698,1881274,19343,0,0,15411396608,5070651392,1706516,11636,240044,1717992,4,2023,4491,0,0,16605184,72851456,1816,472,2280,2288,0,0,0,0,0,0,0,0,0,0,0,0,
ws_base_t32w100o100.out,231,0,2800,1,0,1048576,32,100,1000000,100,3000000,20000,0,12.6023,0,0,0,0,0.0149209,106.192,58.7286,47.4633,47.4633,0,0,0,0,84.2642,46.6016,37.6626,1103.41,0,0,0,0,0,0,0,0,0,0,0,0,0,0,0,0,0.748717,1.01705,6.20931,8.37475,0,0,0,0,8.29327,8.23433,9.43552,12.8172,0,0,78.2513,105.541,0,0,0,0,0,0,0,0,0,0,0,0,0,0,0,0,2533816,0,0,0,0,0,0,0,0,0,0,0,0,0,100,12960060,0,0,0,0,0,0,3,0,0,11808,0,9543,820503,279583,0,0,0,0,0,0,0,0,0,0,0,1897110,2577026,0,0,15733243904,21220081664,4107536,1939220,201156,6053548,9,0,0,0,0,0,0,0,0,0,0,0,
ws_ws_t32w25o1000.out,120,1,2800,1,0,1048576,32,1000,100000,25,3000000,20000,1,22.7919,17.9972,5.76606,5.73161,5.73161,0.0110508,169.044,75.3553,93.6886,93.6886,71.1366,31.7108,39.4258,826.262,74.1685,33.0624,41.1062,861.479,0.789628,0.00790607,6.46863,2.07253,0.757349,0.00758288,6.2042,1.98781,8.192,262.144,17.9971,0.180194,0,0,147.432,47.2368,0.00149578,0.00250768,0.0122535,0.0316882,0.00143464,0.00240517,0.0117525,0.0303928,8.192,12.6365,0.0340917,0.0571547,0,0,0.279279,0.722233,0,0,0,0,0,0,0,0,0,0,0,0,0,0,0,0,2062465,521778,4274405376,518661,4248870912,1628592,13341425664,518661,4248870912,16306,0,0,0,0,45,5849308,0,0,1628575,13341286400,16306,4274520064,1,17,1628575,6819,0,8478,311056,177677,1628580,16306,0,0,13341327360,4274520064,2539800,13044,90412,2558640,30,3085,5172,0,0,25272320,65355776,2748,676,3420,3420,0,0,0,0,0,0,0,0,0,0,0,0,
ws_base_t16w100o100.out,270,0,2800,1,0,1048576,16,100,1000000,100,3000000,20000,0,10.2439,0,0,0,0,0.0124707,79.6628,46.4409,33.2219,33.2219,0,0,0,0,77.7664,45.3353,32.4311,782.931,0,0,0,0,0,0,0,0,0,0,0,0,0,0,0,0,0.747753,1.01629,6.20354,8.36991,0,0,0,0,8.29624,8.23572,7.65987,10.4108,0,0,63.5481,85.7402,0,0,0,0,0,0,0,0,0,0,0,0,0,0,0,0,2464303,0,0,0,0,0,0,0,0,0,0,0,0,0,121,15712776,0,0,0,0,0,0,3,0,0,11172,0,7992,1131164,192938,0,0,0,0,0,0,0,0,0,0,0,1842689,2504458,0,0,15287394304,20626006016,3005348,631840,240644,3638864,15,0,0,0,0,0,0,0,0,0,0,0,
ws_base_t32w50o1000.out,150,0,2800,1,0,1048576,32,1000,100000,50,3000000,20000,0,19.4372,0,0,0,0,0.0165705,115.853,61.1535,54.6993,54.6993,0,0,0,0,59.6038,31.4622,28.1416,792.914,0,0,0,0,0,0,0,0,0,0,0,0,0,0,0,0,0.797631,0.505332,6.56148,4.16118,0,0,0,0,8.2262,8.23455,15.5037,9.82222,0,0,127.536,80.8815,0,0,0,0,0,0,0,0,0,0,0,0,0,0,0,0,2345992,0,0,0,0,0,0,0,0,0,0,0,0,0,60,7766165,0,0,0,0,0,0,2,0,0,7381,0,6602,472666,186017,0,0,0,0,0,0,0,0,0,0,0,1871237,1185505,0,0,15393169408,9762095104,3339840,335268,120784,3679072,31,0,0,0,0,0,0,0,0,0,0,0,
ws_ws_t16w100o100.out,270,1,2800,1,0,1048576,16,100,1000000,100,3000000,20000,1,10.1412,7.6036,10.2401,10.1907,10.1907,0.012465,113.951,67.8596,46.0915,46.0915,63.8608,38.0301,25.8307,513.068,112.364,66.9145,45.4496,902.751,0.749775,0.0315545,6.14215,8.27183,0.426126,0.0179337,3.49082,4.7012,8.192,262.144,7.60365,0.320002,0,0,62.2891,83.8866,0.0019822,0.00579581,0.128757,0.0919412,0.00112656,0.00329398,0.0731778,0.0522537,64.9569,15.8634,0.0201019,0.0587767,0,0,1.30576,0.932398,0,0,0,0,0,0,0,0,0,0,0,0,0,0,0,0,2440728,2464511,20189274112,2452625,20091904000,1829984,14991228928,2452625,20091904000,77016,0,0,0,0,120,15581694,0,0,1829982,14991212544,77016,20189282304,3,2,1829982,16332,0,11093,1096630,220337,1829996,77016,0,0,14991327232,20189282304,3201056,46388,240156,3248096,1,4838,14146,0,0,314261504,224403456,4192,1380,5060,5564,0,0,0,0,0,0,0,0,0,0,0,0,
ws_base_t32w50o100.out,130,0,2800,1,0,1048576,32,100,1000000,50,3000000,20000,0,20.0612,0,0,0,0,0.00994479,106.946,61.5981,45.3483,45.3483,0,0,0,0,53.3101,30.7051,22.605,671.1,0,0,0,0,0,0,0,0,0,0,0,0,0,0,0,0,0.674307,0.512592,5.55566,4.22108,0,0,0,0,8.23907,8.23477,13.5274,10.2832,0,0,111.453,84.6798,0,0,0,0,0,0,0,0,0,0,0,0,0,0,0,0,2017254,0,0,0,0,0,0,0,0,0,0,0,0,0,50,6504718,0,0,0,0,0,0,1,0,0,6194,0,4560,414694,135378,0,0,0,0,0,0,0,0,0,0,0,1360248,1034029,0,0,11207180288,8514985984,2653660,371092,100596,3027508,31,0,0,0,0,0,0,0,0,0,0,0,
